<?xml version="1.0" encoding="UTF-8"?>
<config transient="false" date="1357666557004">
	<site enabled="true" updateable="true" policy="USER-EXCLUDE" url="platform:/base/">
		<feature id="org.eclipse.e4.rcp" url="features/org.eclipse.e4.rcp_1.1.0.v20121025-184438-8yFTeGTCGGduU2UmXjTMpH_GZg/" version="1.1.0.v20121025-184438-8yFTeGTCGGduU2UmXjTMpH_GZg">
		</feature>
		<feature id="com.platzerworld.e4.biergarten.feature" url="features/com.platzerworld.e4.biergarten.feature_0.0.1.201301081735/" version="0.0.1.201301081735">
		</feature>
		<feature id="org.eclipse.emf.common" url="features/org.eclipse.emf.common_2.9.0.v20121213-0932/" version="2.9.0.v20121213-0932">
		</feature>
		<feature id="org.eclipse.emf.ecore" url="features/org.eclipse.emf.ecore_2.9.0.v20121213-0932/" version="2.9.0.v20121213-0932">
		</feature>
	</site>
</config>
