<?xml version='1.0' encoding='UTF-8'?>
<?artifactRepository version='1.1.0'?>
<repository name='Bundle pool' type='org.eclipse.equinox.p2.artifact.repository.simpleRepository' version='1'>
  <properties size='2'>
    <property name='p2.system' value='true'/>
    <property name='p2.timestamp' value='1357562782186'/>
  </properties>
  <mappings size='3'>
    <rule filter='(&amp; (classifier=osgi.bundle))' output='${repoUrl}/plugins/${id}_${version}.jar'/>
    <rule filter='(&amp; (classifier=binary))' output='${repoUrl}/binary/${id}_${version}'/>
    <rule filter='(&amp; (classifier=org.eclipse.update.feature))' output='${repoUrl}/features/${id}_${version}.jar'/>
  </mappings>
  <artifacts size='80'>
    <artifact classifier='osgi.bundle' id='org.eclipse.e4.ui.services' version='0.10.2.v20120912-132817'>
      <properties size='1'>
        <property name='download.size' value='22175'/>
      </properties>
    </artifact>
    <artifact classifier='osgi.bundle' id='org.eclipse.equinox.common' version='3.6.100.v20120522-1841'>
      <properties size='1'>
        <property name='download.size' value='106763'/>
      </properties>
    </artifact>
    <artifact classifier='osgi.bundle' id='org.eclipse.equinox.simpleconfigurator' version='1.0.400.v20120828-033824'>
      <properties size='1'>
        <property name='download.size' value='40109'/>
      </properties>
    </artifact>
    <artifact classifier='osgi.bundle' id='org.eclipse.equinox.app' version='1.3.100.v20120522-1841'>
      <properties size='1'>
        <property name='download.size' value='86391'/>
      </properties>
    </artifact>
    <artifact classifier='osgi.bundle' id='org.eclipse.e4.ui.workbench.swt' version='0.10.2.v20121024-103259'>
      <properties size='1'>
        <property name='download.size' value='166830'/>
      </properties>
    </artifact>
    <artifact classifier='osgi.bundle' id='org.apache.felix.gogo.shell' version='0.8.0.v201110170705'>
      <properties size='1'>
        <property name='download.size' value='60110'/>
      </properties>
    </artifact>
    <artifact classifier='osgi.bundle' id='org.eclipse.core.databinding.beans' version='1.2.200.v20120523-1955'>
      <properties size='1'>
        <property name='download.size' value='76651'/>
      </properties>
    </artifact>
    <artifact classifier='osgi.bundle' id='com.ibm.icu' version='4.4.2.v20110823'>
      <properties size='1'>
        <property name='download.size' value='6701200'/>
      </properties>
    </artifact>
    <artifact classifier='osgi.bundle' id='org.eclipse.e4.ui.widgets' version='0.12.0.v20120905-175524'>
      <properties size='1'>
        <property name='download.size' value='14001'/>
      </properties>
    </artifact>
    <artifact classifier='osgi.bundle' id='org.hamcrest.core' version='1.1.0.v20090501071000'>
      <properties size='1'>
        <property name='download.size' value='27262'/>
      </properties>
    </artifact>
    <artifact classifier='osgi.bundle' id='org.eclipse.equinox.util' version='1.0.400.v20120917-191249'>
      <properties size='1'>
        <property name='download.size' value='76767'/>
      </properties>
    </artifact>
    <artifact classifier='osgi.bundle' id='org.eclipse.osgi.services' version='3.3.100.v20120522-1822'>
      <properties size='1'>
        <property name='download.size' value='83083'/>
      </properties>
    </artifact>
    <artifact classifier='osgi.bundle' id='org.eclipse.emf.common' version='2.9.0.v20121213-0932'>
      <properties size='1'>
        <property name='download.size' value='219655'/>
      </properties>
    </artifact>
    <artifact classifier='osgi.bundle' id='com.platzerworld.e4.framework.database.db2' version='0.0.1.201301071246'>
      <properties size='1'>
        <property name='download.size' value='6554693'/>
      </properties>
    </artifact>
    <artifact classifier='osgi.bundle' id='com.platzerworld.e4.biergarten.logging' version='0.0.1.201301071246'>
      <properties size='1'>
        <property name='download.size' value='576599'/>
      </properties>
    </artifact>
    <artifact classifier='osgi.bundle' id='com.platzerworld.e4.framework.database.oracle' version='0.0.1.201301071246'>
      <properties size='1'>
        <property name='download.size' value='1475445'/>
      </properties>
    </artifact>
    <artifact classifier='osgi.bundle' id='org.eclipse.core.databinding.observable' version='1.4.1.v20120521-2329'>
      <properties size='1'>
        <property name='download.size' value='297402'/>
      </properties>
    </artifact>
    <artifact classifier='osgi.bundle' id='org.eclipse.osgi' version='3.9.0.v20121026-132713'>
      <properties size='1'>
        <property name='download.size' value='1367815'/>
      </properties>
    </artifact>
    <artifact classifier='osgi.bundle' id='com.platzerworld.e4.biergarten.model' version='0.0.1.201301071246'>
      <properties size='1'>
        <property name='download.size' value='3496'/>
      </properties>
    </artifact>
    <artifact classifier='osgi.bundle' id='org.eclipse.e4.core.contexts' version='1.2.0.v20121024-182359'>
      <properties size='1'>
        <property name='download.size' value='47223'/>
      </properties>
    </artifact>
    <artifact classifier='osgi.bundle' id='org.eclipse.e4.core.di.extensions' version='0.11.100.v20121024-182359'>
      <properties size='1'>
        <property name='download.size' value='23002'/>
      </properties>
    </artifact>
    <artifact classifier='osgi.bundle' id='com.platzerworld.e4.biergarten.model.mock' version='0.0.1.201301071246'>
      <properties size='1'>
        <property name='download.size' value='15024'/>
      </properties>
    </artifact>
    <artifact classifier='osgi.bundle' id='org.eclipse.equinox.registry' version='3.5.300.v20120731-134527'>
      <properties size='1'>
        <property name='download.size' value='181790'/>
      </properties>
    </artifact>
    <artifact classifier='osgi.bundle' id='org.apache.felix.gogo.runtime' version='0.8.0.v201108120515'>
      <properties size='1'>
        <property name='download.size' value='78798'/>
      </properties>
    </artifact>
    <artifact classifier='osgi.bundle' id='org.eclipse.equinox.launcher' version='1.3.0.v20120522-1813'>
      <properties size='1'>
        <property name='download.size' value='48766'/>
      </properties>
    </artifact>
    <artifact classifier='osgi.bundle' id='org.apache.felix.gogo.command' version='0.8.0.v201108120515'>
      <properties size='1'>
        <property name='download.size' value='56874'/>
      </properties>
    </artifact>
    <artifact classifier='osgi.bundle' id='javax.xml' version='1.3.4.v201005080400'>
      <properties size='1'>
        <property name='download.size' value='237996'/>
      </properties>
    </artifact>
    <artifact classifier='osgi.bundle' id='org.eclipse.core.jobs' version='3.5.300.v20120912-155018'>
      <properties size='1'>
        <property name='download.size' value='91163'/>
      </properties>
    </artifact>
    <artifact classifier='osgi.bundle' id='javax.annotation' version='1.1.0.v201209060031'>
      <properties size='1'>
        <property name='download.size' value='27195'/>
      </properties>
    </artifact>
    <artifact classifier='osgi.bundle' id='com.platzerworld.e4.biergarten.views.details' version='0.0.1.201301071246'>
      <properties size='1'>
        <property name='download.size' value='7070'/>
      </properties>
    </artifact>
    <artifact classifier='osgi.bundle' id='org.eclipse.e4.ui.css.core' version='0.10.2.v20120917-171812'>
      <properties size='1'>
        <property name='download.size' value='196086'/>
      </properties>
    </artifact>
    <artifact classifier='osgi.bundle' id='org.w3c.dom.smil' version='1.0.0.v200806040011'>
      <properties size='1'>
        <property name='download.size' value='15712'/>
      </properties>
    </artifact>
    <artifact classifier='osgi.bundle' id='org.eclipse.core.contenttype' version='3.4.200.v20120523-2004'>
      <properties size='1'>
        <property name='download.size' value='93177'/>
      </properties>
    </artifact>
    <artifact classifier='osgi.bundle' id='org.eclipse.equinox.console' version='1.0.100.v20121001-124408'>
      <properties size='1'>
        <property name='download.size' value='109918'/>
      </properties>
    </artifact>
    <artifact classifier='org.eclipse.update.feature' id='org.eclipse.emf.ecore' version='2.9.0.v20121213-0932'>
      <properties size='1'>
        <property name='download.size' value='18277'/>
      </properties>
      <repositoryProperties size='1'>
        <property name='artifact.folder' value='true'/>
      </repositoryProperties>
    </artifact>
    <artifact classifier='osgi.bundle' id='org.eclipse.e4.ui.css.swt.theme' version='0.9.3.v20120912-132817'>
      <properties size='1'>
        <property name='download.size' value='23814'/>
      </properties>
    </artifact>
    <artifact classifier='osgi.bundle' id='org.eclipse.equinox.event' version='1.3.0.v20120925-191900'>
      <properties size='1'>
        <property name='download.size' value='32227'/>
      </properties>
    </artifact>
    <artifact classifier='osgi.bundle' id='org.eclipse.core.commands' version='3.6.1.v20120814-150512'>
      <properties size='1'>
        <property name='download.size' value='108731'/>
      </properties>
    </artifact>
    <artifact classifier='osgi.bundle' id='javax.inject' version='1.0.0.v20091030'>
      <properties size='1'>
        <property name='download.size' value='12288'/>
      </properties>
    </artifact>
    <artifact classifier='osgi.bundle' id='com.platzerworld.e4.framework.springframework.ws' version='0.0.1.201301071246'>
      <properties size='1'>
        <property name='download.size' value='671088'/>
      </properties>
    </artifact>
    <artifact classifier='osgi.bundle' id='com.platzerworld.e4.framework.springframework' version='0.0.1.201301071246'>
      <properties size='1'>
        <property name='download.size' value='687215'/>
      </properties>
    </artifact>
    <artifact classifier='osgi.bundle' id='org.eclipse.equinox.preferences' version='3.5.0.v20120918-182152'>
      <properties size='1'>
        <property name='download.size' value='125340'/>
      </properties>
    </artifact>
    <artifact classifier='osgi.bundle' id='org.apache.batik.util.gui' version='1.6.0.v201011041432'>
      <properties size='1'>
        <property name='download.size' value='164253'/>
      </properties>
    </artifact>
    <artifact classifier='org.eclipse.update.feature' id='org.eclipse.emf.common' version='2.9.0.v20121213-0932'>
      <properties size='1'>
        <property name='download.size' value='18235'/>
      </properties>
      <repositoryProperties size='1'>
        <property name='artifact.folder' value='true'/>
      </repositoryProperties>
    </artifact>
    <artifact classifier='osgi.bundle' id='org.eclipse.equinox.bidi' version='0.10.0.v20121024-182936'>
      <properties size='1'>
        <property name='download.size' value='48737'/>
      </properties>
    </artifact>
    <artifact classifier='org.eclipse.update.feature' id='org.eclipse.e4.rcp' version='1.1.0.v20121025-184438-8yFTeGTCGGduU2UmXjTMpH_GZg'>
      <properties size='1'>
        <property name='download.size' value='31872'/>
      </properties>
      <repositoryProperties size='1'>
        <property name='artifact.folder' value='true'/>
      </repositoryProperties>
    </artifact>
    <artifact classifier='osgi.bundle' id='org.eclipse.e4.ui.workbench3' version='0.12.0.v20120521-2329'>
      <properties size='1'>
        <property name='download.size' value='10069'/>
      </properties>
    </artifact>
    <artifact classifier='osgi.bundle' id='org.eclipse.e4.ui.workbench' version='0.10.100.v20121031-154116'>
      <properties size='1'>
        <property name='download.size' value='231187'/>
      </properties>
    </artifact>
    <artifact classifier='osgi.bundle' id='org.eclipse.swt' version='3.101.0.v4312'>
      <properties size='1'>
        <property name='download.size' value='18353'/>
      </properties>
    </artifact>
    <artifact classifier='osgi.bundle' id='org.eclipse.core.runtime' version='3.9.0.v20121004-163638'>
      <properties size='1'>
        <property name='download.size' value='72817'/>
      </properties>
    </artifact>
    <artifact classifier='osgi.bundle' id='org.eclipse.jface.databinding' version='1.6.100.v20120824-084531'>
      <properties size='1'>
        <property name='download.size' value='272846'/>
      </properties>
    </artifact>
    <artifact classifier='osgi.bundle' id='org.junit' version='4.10.0.v4_10_0_v20120426-0900'>
      <properties size='1'>
        <property name='download.size' value='216863'/>
      </properties>
      <repositoryProperties size='1'>
        <property name='artifact.folder' value='true'/>
      </repositoryProperties>
    </artifact>
    <artifact classifier='osgi.bundle' id='org.eclipse.equinox.launcher.gtk.linux.x86' version='1.1.200.v20121019-144147'>
      <properties size='1'>
        <property name='download.size' value='76404'/>
      </properties>
      <repositoryProperties size='1'>
        <property name='artifact.folder' value='true'/>
      </repositoryProperties>
    </artifact>
    <artifact classifier='osgi.bundle' id='org.apache.batik.css' version='1.6.0.v201011041432'>
      <properties size='1'>
        <property name='download.size' value='265409'/>
      </properties>
    </artifact>
    <artifact classifier='osgi.bundle' id='com.platzerworld.e4.biergarten' version='0.0.1.201301071246'>
      <properties size='1'>
        <property name='download.size' value='21211'/>
      </properties>
    </artifact>
    <artifact classifier='osgi.bundle' id='org.eclipse.e4.core.di' version='1.2.0.v20121024-173149'>
      <properties size='1'>
        <property name='download.size' value='50961'/>
      </properties>
    </artifact>
    <artifact classifier='osgi.bundle' id='org.eclipse.e4.ui.css.swt' version='0.10.2.v20120917-171812'>
      <properties size='1'>
        <property name='download.size' value='150472'/>
      </properties>
    </artifact>
    <artifact classifier='osgi.bundle' id='org.eclipse.core.databinding' version='1.4.1.v20120912-132807'>
      <properties size='1'>
        <property name='download.size' value='198805'/>
      </properties>
    </artifact>
    <artifact classifier='osgi.bundle' id='com.platzerworld.e4.framework.apache.commons' version='0.0.1.201301071246'>
      <properties size='1'>
        <property name='download.size' value='58647'/>
      </properties>
    </artifact>
    <artifact classifier='osgi.bundle' id='org.eclipse.e4.ui.model.workbench' version='0.10.1.v20120523-1955'>
      <properties size='1'>
        <property name='download.size' value='354873'/>
      </properties>
    </artifact>
    <artifact classifier='osgi.bundle' id='org.eclipse.emf.ecore.change' version='2.8.0.v20121213-0932'>
      <properties size='1'>
        <property name='download.size' value='82001'/>
      </properties>
    </artifact>
    <artifact classifier='org.eclipse.update.feature' id='com.platzerworld.e4.biergarten.feature' version='0.0.1.201301071246'>
      <properties size='1'>
        <property name='download.size' value='2810'/>
      </properties>
      <repositoryProperties size='1'>
        <property name='artifact.folder' value='true'/>
      </repositoryProperties>
    </artifact>
    <artifact classifier='osgi.bundle' id='org.eclipse.jface' version='3.8.200.v20121026-224752'>
      <properties size='1'>
        <property name='download.size' value='1073296'/>
      </properties>
    </artifact>
    <artifact classifier='osgi.bundle' id='org.eclipse.emf.ecore.xmi' version='2.9.0.v20121213-0932'>
      <properties size='1'>
        <property name='download.size' value='224220'/>
      </properties>
    </artifact>
    <artifact classifier='osgi.bundle' id='org.eclipse.e4.ui.di' version='0.10.1.v20120523-1955'>
      <properties size='1'>
        <property name='download.size' value='14582'/>
      </properties>
    </artifact>
    <artifact classifier='osgi.bundle' id='org.apache.batik.util' version='1.6.0.v201011041432'>
      <properties size='1'>
        <property name='download.size' value='101159'/>
      </properties>
    </artifact>
    <artifact classifier='osgi.bundle' id='com.platzerworld.e4.biergarten.login' version='0.0.1.201301071246'>
      <properties size='1'>
        <property name='download.size' value='52326'/>
      </properties>
    </artifact>
    <artifact classifier='osgi.bundle' id='org.eclipse.e4.ui.workbench.renderers.swt' version='0.10.2.v20121019-115226'>
      <properties size='1'>
        <property name='download.size' value='322707'/>
      </properties>
    </artifact>
    <artifact classifier='osgi.bundle' id='org.eclipse.e4.ui.bindings' version='0.10.1.v20120716-173435'>
      <properties size='1'>
        <property name='download.size' value='47666'/>
      </properties>
    </artifact>
    <artifact classifier='osgi.bundle' id='org.eclipse.e4.core.commands' version='0.10.1.v20120523-1955'>
      <properties size='1'>
        <property name='download.size' value='18234'/>
      </properties>
    </artifact>
    <artifact classifier='osgi.bundle' id='com.platzerworld.e4.biergarten.logging.config' version='0.0.1.201301071246'>
      <properties size='1'>
        <property name='download.size' value='2628'/>
      </properties>
    </artifact>
    <artifact classifier='osgi.bundle' id='org.w3c.dom.svg' version='1.1.0.v201011041433'>
      <properties size='1'>
        <property name='download.size' value='87897'/>
      </properties>
    </artifact>
    <artifact classifier='osgi.bundle' id='org.eclipse.swt.gtk.linux.x86' version='3.101.0.v4312'>
      <properties size='1'>
        <property name='download.size' value='2276441'/>
      </properties>
    </artifact>
    <artifact classifier='osgi.bundle' id='org.eclipse.equinox.ds' version='1.4.100.v20120924-143455'>
      <properties size='1'>
        <property name='download.size' value='192333'/>
      </properties>
    </artifact>
    <artifact classifier='osgi.bundle' id='org.eclipse.e4.core.services' version='1.0.0.v20120521-2346'>
      <properties size='1'>
        <property name='download.size' value='32031'/>
      </properties>
    </artifact>
    <artifact classifier='osgi.bundle' id='org.w3c.css.sac' version='1.3.1.v200903091627'>
      <properties size='1'>
        <property name='download.size' value='32952'/>
      </properties>
    </artifact>
    <artifact classifier='osgi.bundle' id='org.eclipse.core.expressions' version='3.4.401.v20120912-155018'>
      <properties size='1'>
        <property name='download.size' value='86819'/>
      </properties>
    </artifact>
    <artifact classifier='osgi.bundle' id='org.eclipse.core.databinding.property' version='1.4.200.v20120824-092539'>
      <properties size='1'>
        <property name='download.size' value='165882'/>
      </properties>
    </artifact>
    <artifact classifier='osgi.bundle' id='org.eclipse.emf.ecore' version='2.9.0.v20121213-0932'>
      <properties size='1'>
        <property name='download.size' value='1140382'/>
      </properties>
    </artifact>
    <artifact classifier='osgi.bundle' id='org.eclipse.e4.ui.workbench.addons.swt' version='0.10.1.v20121022-195458'>
      <properties size='1'>
        <property name='download.size' value='129520'/>
      </properties>
    </artifact>
  </artifacts>
</repository>
