<?xml version="1.0" encoding="UTF-8"?>
<feature
      id="com.platzerworld.e4.biergarten.feature"
      label="Feature"
      version="0.0.1.201301081735"
      provider-name="Günter Platzer">

   <description url="http://www.example.com/description">
      [Enter Feature Description here.]
   </description>

   <copyright url="http://www.example.com/copyright">
      [Enter Copyright Description here.]
   </copyright>

   <license url="http://www.example.com/license">
      [Enter License Description here.]
   </license>

   <requires>
      <import plugin="javax.inject" version="1.0.0" match="greaterOrEqual"/>
      <import plugin="org.eclipse.core.runtime" version="3.8.0" match="greaterOrEqual"/>
      <import plugin="org.eclipse.swt" version="3.100.1" match="greaterOrEqual"/>
      <import plugin="org.eclipse.core.databinding" version="1.4.1" match="greaterOrEqual"/>
      <import plugin="org.eclipse.core.databinding.beans" version="1.2.200" match="greaterOrEqual"/>
      <import plugin="org.eclipse.jface" version="3.8.101" match="greaterOrEqual"/>
      <import plugin="org.eclipse.jface.databinding" version="1.6.0" match="greaterOrEqual"/>
      <import plugin="org.eclipse.e4.ui.services" version="0.10.2" match="greaterOrEqual"/>
      <import plugin="org.eclipse.e4.ui.workbench" version="0.10.3" match="greaterOrEqual"/>
      <import plugin="org.eclipse.e4.core.services" version="1.0.0" match="greaterOrEqual"/>
      <import plugin="org.eclipse.e4.core.di" version="1.1.0" match="greaterOrEqual"/>
      <import plugin="org.eclipse.e4.core.contexts" version="1.1.0" match="greaterOrEqual"/>
      <import plugin="org.eclipse.e4.ui.workbench.swt" version="0.10.2" match="greaterOrEqual"/>
      <import plugin="org.eclipse.core.databinding.property" version="1.4.100" match="greaterOrEqual"/>
      <import plugin="org.eclipse.e4.ui.css.core" version="0.10.2" match="greaterOrEqual"/>
      <import plugin="org.w3c.css.sac" version="1.3.1" match="greaterOrEqual"/>
      <import plugin="org.eclipse.e4.core.commands" version="0.10.1" match="greaterOrEqual"/>
      <import plugin="org.eclipse.e4.ui.bindings" version="0.10.1" match="greaterOrEqual"/>
      <import plugin="com.platzerworld.e4.biergarten.login" version="0.0.1" match="greaterOrEqual"/>
      <import plugin="org.eclipse.osgi"/>
      <import plugin="org.eclipse.e4.ui.workbench" version="0.10.2" match="greaterOrEqual"/>
      <import plugin="org.eclipse.swt" version="3.100.0" match="greaterOrEqual"/>
      <import plugin="org.eclipse.jface" version="3.8.0" match="greaterOrEqual"/>
      <import plugin="org.eclipse.e4.ui.services" version="0.10.1" match="greaterOrEqual"/>
      <import plugin="org.eclipse.e4.ui.workbench.swt" version="0.10.1" match="greaterOrEqual"/>
      <import feature="org.eclipse.e4.rcp" version="1.1.0.qualifier"/>
   </requires>

   <plugin
         id="com.platzerworld.e4.biergarten"
         download-size="24"
         install-size="45"
         version="0.0.1.201301081735"
         unpack="false"/>

   <plugin
         id="com.platzerworld.e4.biergarten.login"
         download-size="51"
         install-size="53"
         version="0.0.1.201301081735"/>

   <plugin
         id="com.platzerworld.e4.biergarten.logging"
         download-size="563"
         install-size="628"
         version="0.0.1.201301081735"
         unpack="false"/>

   <plugin
         id="com.platzerworld.e4.biergarten.logging.config"
         download-size="2"
         install-size="1"
         version="0.0.1.201301081735"
         fragment="true"
         unpack="false"/>

   <plugin
         id="com.platzerworld.e4.framework.apache.commons"
         download-size="57"
         install-size="61"
         version="0.0.1.201301081735"
         unpack="false"/>

   <plugin
         id="com.platzerworld.e4.framework.springframework"
         download-size="671"
         install-size="762"
         version="0.0.1.201301081735"
         unpack="false"/>

   <plugin
         id="com.platzerworld.e4.framework.springframework.ws"
         download-size="655"
         install-size="761"
         version="0.0.1.201301081735"
         unpack="false"/>

   <plugin
         id="com.platzerworld.e4.biergarten.model"
         download-size="3"
         install-size="2"
         version="0.0.1.201301081735"
         unpack="false"/>

   <plugin
         id="com.platzerworld.e4.biergarten.model.mock"
         download-size="14"
         install-size="23"
         version="0.0.1.201301081735"
         unpack="false"/>

   <plugin
         id="org.junit"
         download-size="211"
         install-size="262"
         version="4.10.0.v4_10_0_v20120426-0900"/>

   <plugin
         id="org.hamcrest.core"
         download-size="26"
         install-size="50"
         version="1.1.0.v20090501071000"
         unpack="false"/>

   <plugin
         id="com.platzerworld.e4.framework.database.db2"
         download-size="6401"
         install-size="6720"
         version="0.0.1.201301081735"/>

   <plugin
         id="com.platzerworld.e4.framework.database.oracle"
         download-size="1440"
         install-size="1520"
         version="0.0.1.201301081735"/>

   <plugin
         id="com.platzerworld.e4.biergarten.views.details"
         download-size="6"
         install-size="10"
         version="0.0.1.201301081735"
         unpack="false"/>

   <plugin
         id="com.platzerworld.e4.geo.service"
         download-size="15"
         install-size="24"
         version="0.0.1.201301081735"
         unpack="false"/>

</feature>
