<?xml version="1.0" encoding="UTF-8"?>
<feature
      id="org.eclipse.e4.rcp"
      label="%featureName"
      version="1.1.0.v20121025-184438-8yFTeGTCGGduU2UmXjTMpH_GZg"
      provider-name="%providerName"
      image="eclipse_update_120.jpg"
      
      >

   <description>
      %description
   </description>

   <copyright>
      %copyright
   </copyright>

   <license url="%licenseURL">
      %license
   </license>

   <requires>
      <import feature="org.eclipse.emf.common" version="2.7.0" match="compatible"/>
      <import feature="org.eclipse.emf.ecore" version="2.7.0" match="compatible"/>
   </requires>

   <plugin
         id="org.eclipse.e4.core.services"
         download-size="0"
         install-size="0"
         version="1.0.0.v20120521-2346"
         unpack="false"/>

   <plugin
         id="org.eclipse.e4.ui.workbench.swt"
         download-size="0"
         install-size="0"
         version="0.10.2.v20121024-103259"
         unpack="false"/>

   <plugin
         id="org.eclipse.e4.core.commands"
         download-size="0"
         install-size="0"
         version="0.10.1.v20120523-1955"
         unpack="false"/>

   <plugin
         id="org.eclipse.e4.ui.bindings"
         download-size="0"
         install-size="0"
         version="0.10.1.v20120716-173435"
         unpack="false"/>

   <plugin
         id="org.eclipse.e4.ui.model.workbench"
         download-size="0"
         install-size="0"
         version="0.10.1.v20120523-1955"
         unpack="false"/>

   <plugin
         id="org.eclipse.e4.ui.services"
         download-size="0"
         install-size="0"
         version="0.10.2.v20120912-132817"
         unpack="false"/>

   <plugin
         id="org.eclipse.e4.ui.workbench.renderers.swt"
         download-size="0"
         install-size="0"
         version="0.10.2.v20121019-115226"
         unpack="false"/>

   <plugin
         id="org.eclipse.e4.ui.workbench"
         download-size="0"
         install-size="0"
         version="0.10.100.v20121031-154116"
         unpack="false"/>

   <plugin
         id="org.eclipse.e4.ui.css.core"
         download-size="0"
         install-size="0"
         version="0.10.2.v20120917-171812"
         unpack="false"/>

   <plugin
         id="org.eclipse.e4.ui.css.swt"
         download-size="0"
         install-size="0"
         version="0.10.2.v20120917-171812"
         unpack="false"/>

   <plugin
         id="org.apache.batik.css"
         download-size="0"
         install-size="0"
         version="1.6.0.v201011041432"
         unpack="false"/>

   <plugin
         id="org.w3c.css.sac"
         download-size="0"
         install-size="0"
         version="1.3.1.v200903091627"
         unpack="false"/>

   <plugin
         id="org.apache.batik.util"
         download-size="0"
         install-size="0"
         version="1.6.0.v201011041432"
         unpack="false"/>

   <plugin
         id="org.w3c.dom.svg"
         download-size="0"
         install-size="0"
         version="1.1.0.v201011041433"
         unpack="false"/>

   <plugin
         id="org.w3c.dom.smil"
         download-size="0"
         install-size="0"
         version="1.0.0.v200806040011"
         unpack="false"/>

   <plugin
         id="javax.inject"
         download-size="0"
         install-size="0"
         version="1.0.0.v20091030"
         unpack="false"/>

   <plugin
         id="javax.annotation"
         download-size="0"
         install-size="0"
         version="1.1.0.v201209060031"
         unpack="false"/>

   <plugin
         id="org.eclipse.e4.core.di"
         download-size="0"
         install-size="0"
         version="1.2.0.v20121024-173149"
         unpack="false"/>

   <plugin
         id="org.eclipse.e4.core.contexts"
         download-size="0"
         install-size="0"
         version="1.2.0.v20121024-182359"
         unpack="false"/>

   <plugin
         id="org.apache.batik.util.gui"
         download-size="0"
         install-size="0"
         version="1.6.0.v201011041432"
         unpack="false"/>

   <plugin
         id="javax.xml"
         download-size="0"
         install-size="0"
         version="1.3.4.v201005080400"
         unpack="false"/>

   <plugin
         id="org.eclipse.e4.core.di.extensions"
         download-size="0"
         install-size="0"
         version="0.11.100.v20121024-182359"
         unpack="false"/>

   <plugin
         id="org.eclipse.e4.ui.css.swt.theme"
         download-size="0"
         install-size="0"
         version="0.9.3.v20120912-132817"
         unpack="false"/>

   <plugin
         id="org.eclipse.e4.ui.di"
         download-size="0"
         install-size="0"
         version="0.10.1.v20120523-1955"
         unpack="false"/>

   <plugin
         id="org.eclipse.e4.ui.widgets"
         download-size="0"
         install-size="0"
         version="0.12.0.v20120905-175524"
         unpack="false"/>

   <plugin
         id="org.eclipse.e4.ui.workbench.renderers.swt.cocoa"
         os="macosx"
         ws="cocoa"
         download-size="0"
         install-size="0"
         version="0.11.0.v20120912-155959"
         fragment="true"
         unpack="false"/>

   <plugin
         id="org.eclipse.equinox.common"
         download-size="0"
         install-size="0"
         version="3.6.100.v20120522-1841"
         unpack="false"/>

   <plugin
         id="org.eclipse.equinox.ds"
         download-size="0"
         install-size="0"
         version="1.4.100.v20120924-143455"
         unpack="false"/>

   <plugin
         id="org.eclipse.equinox.event"
         download-size="0"
         install-size="0"
         version="1.3.0.v20120925-191900"
         unpack="false"/>

   <plugin
         id="org.eclipse.core.commands"
         download-size="0"
         install-size="0"
         version="3.6.1.v20120814-150512"
         unpack="false"/>

   <plugin
         id="org.eclipse.core.contenttype"
         download-size="0"
         install-size="0"
         version="3.4.200.v20120523-2004"
         unpack="false"/>

   <plugin
         id="org.eclipse.core.databinding"
         download-size="0"
         install-size="0"
         version="1.4.1.v20120912-132807"
         unpack="false"/>

   <plugin
         id="org.eclipse.core.databinding.beans"
         download-size="0"
         install-size="0"
         version="1.2.200.v20120523-1955"
         unpack="false"/>

   <plugin
         id="org.eclipse.core.databinding.observable"
         download-size="0"
         install-size="0"
         version="1.4.1.v20120521-2329"
         unpack="false"/>

   <plugin
         id="org.eclipse.core.databinding.property"
         download-size="0"
         install-size="0"
         version="1.4.200.v20120824-092539"
         unpack="false"/>

   <plugin
         id="org.eclipse.core.expressions"
         download-size="0"
         install-size="0"
         version="3.4.401.v20120912-155018"
         unpack="false"/>

   <plugin
         id="org.eclipse.core.jobs"
         download-size="0"
         install-size="0"
         version="3.5.300.v20120912-155018"
         unpack="false"/>

   <plugin
         id="org.eclipse.core.runtime"
         download-size="0"
         install-size="0"
         version="3.9.0.v20121004-163638"
         unpack="false"/>

   <plugin
         id="org.eclipse.equinox.app"
         download-size="0"
         install-size="0"
         version="1.3.100.v20120522-1841"
         unpack="false"/>

   <plugin
         id="org.eclipse.equinox.launcher"
         download-size="0"
         install-size="0"
         version="1.3.0.v20120522-1813"
         unpack="false"/>

   <plugin
         id="com.ibm.icu"
         download-size="0"
         install-size="0"
         version="4.4.2.v20110823"
         unpack="false"/>

   <plugin
         id="org.eclipse.equinox.preferences"
         download-size="0"
         install-size="0"
         version="3.5.0.v20120918-182152"
         unpack="false"/>

   <plugin
         id="org.eclipse.equinox.registry"
         download-size="0"
         install-size="0"
         version="3.5.300.v20120731-134527"
         unpack="false"/>

   <plugin
         id="org.eclipse.equinox.simpleconfigurator"
         download-size="0"
         install-size="0"
         version="1.0.400.v20120828-033824"
         unpack="false"/>

   <plugin
         id="org.eclipse.osgi"
         download-size="0"
         install-size="0"
         version="3.9.0.v20121026-132713"
         unpack="false"/>

   <plugin
         id="org.eclipse.osgi.services"
         download-size="0"
         install-size="0"
         version="3.3.100.v20120522-1822"
         unpack="false"/>

   <plugin
         id="org.eclipse.equinox.launcher"
         download-size="0"
         install-size="0"
         version="1.3.0.v20120522-1813"
         unpack="false"/>

   <plugin
         id="org.eclipse.equinox.launcher.gtk.solaris.sparc"
         os="solaris"
         ws="gtk"
         arch="sparc"
         download-size="0"
         install-size="0"
         version="1.1.200.v20121019-144147"
         fragment="true"/>

   <plugin
         id="org.eclipse.equinox.launcher.gtk.solaris.x86"
         os="solaris"
         ws="gtk"
         arch="x86"
         download-size="0"
         install-size="0"
         version="1.1.200.v20121019-144147"
         fragment="true"/>

   <plugin
         id="org.eclipse.equinox.launcher.cocoa.macosx"
         os="macosx"
         ws="cocoa"
         arch="ppc"
         download-size="0"
         install-size="0"
         version="1.1.200.v20121019-144147"
         fragment="true"/>

   <plugin
         id="org.eclipse.equinox.launcher.cocoa.macosx"
         os="macosx"
         ws="cocoa"
         arch="x86"
         download-size="0"
         install-size="0"
         version="1.1.200.v20121019-144147"
         fragment="true"/>

   <plugin
         id="org.eclipse.equinox.launcher.cocoa.macosx.x86_64"
         os="macosx"
         ws="cocoa"
         arch="x86_64"
         download-size="0"
         install-size="0"
         version="1.1.200.v20121019-144147"
         fragment="true"/>

   <plugin
         id="org.eclipse.equinox.launcher.gtk.linux.ppc64"
         os="linux"
         ws="gtk"
         arch="ppc64"
         download-size="0"
         install-size="0"
         version="1.0.200.v20121019-144147"
         fragment="true"/>

   <plugin
         id="org.eclipse.equinox.launcher.gtk.linux.x86"
         os="linux"
         ws="gtk"
         arch="x86"
         download-size="0"
         install-size="0"
         version="1.1.200.v20121019-144147"
         fragment="true"/>

   <plugin
         id="org.eclipse.equinox.launcher.gtk.linux.s390x"
         os="linux"
         ws="gtk"
         arch="s390x"
         download-size="0"
         install-size="0"
         version="1.1.200.v20121019-144147"
         fragment="true"/>

   <plugin
         id="org.eclipse.equinox.launcher.gtk.linux.s390"
         os="linux"
         ws="gtk"
         arch="s390"
         download-size="0"
         install-size="0"
         version="1.1.200.v20121019-144147"
         fragment="true"/>

   <plugin
         id="org.eclipse.equinox.launcher.gtk.linux.x86_64"
         os="linux"
         ws="gtk"
         arch="x86_64"
         download-size="0"
         install-size="0"
         version="1.1.200.v20121019-144147"
         fragment="true"/>

   <plugin
         id="org.eclipse.equinox.launcher.gtk.aix.ppc"
         os="aix"
         ws="gtk"
         arch="ppc"
         download-size="0"
         install-size="0"
         version="1.1.100.v20121019-144147"
         fragment="true"/>

   <plugin
         id="org.eclipse.equinox.launcher.gtk.aix.ppc64"
         os="aix"
         ws="gtk"
         arch="ppc64"
         download-size="0"
         install-size="0"
         version="1.1.100.v20121019-144147"
         fragment="true"/>

   <plugin
         id="org.eclipse.equinox.launcher.win32.win32.x86"
         os="win32"
         ws="win32"
         arch="x86"
         download-size="0"
         install-size="0"
         version="1.1.200.v20121019-144147"
         fragment="true"/>

   <plugin
         id="org.eclipse.equinox.launcher.win32.win32.x86_64"
         os="win32"
         ws="win32"
         arch="x86_64"
         download-size="0"
         install-size="0"
         version="1.1.200.v20121019-144147"
         fragment="true"/>

   <plugin
         id="org.eclipse.swt"
         download-size="0"
         install-size="0"
         version="3.101.0.v4312"
         unpack="false"/>

   <plugin
         id="org.eclipse.swt.win32.win32.x86"
         os="win32"
         ws="win32"
         arch="x86"
         download-size="0"
         install-size="0"
         version="3.101.0.v4312"
         fragment="true"
         unpack="false"/>

   <plugin
         id="org.eclipse.swt.win32.win32.x86_64"
         os="win32"
         ws="win32"
         arch="x86_64"
         download-size="0"
         install-size="0"
         version="3.101.0.v4312"
         fragment="true"
         unpack="false"/>

   <plugin
         id="org.eclipse.swt.gtk.linux.x86"
         os="linux"
         ws="gtk"
         arch="x86"
         download-size="0"
         install-size="0"
         version="3.101.0.v4312"
         fragment="true"
         unpack="false"/>

   <plugin
         id="org.eclipse.swt.gtk.linux.s390x"
         os="linux"
         ws="gtk"
         arch="s390x"
         download-size="0"
         install-size="0"
         version="3.101.0.v4312"
         fragment="true"
         unpack="false"/>

   <plugin
         id="org.eclipse.swt.gtk.linux.s390"
         os="linux"
         ws="gtk"
         arch="s390"
         download-size="0"
         install-size="0"
         version="3.101.0.v4312"
         fragment="true"
         unpack="false"/>

   <plugin
         id="org.eclipse.swt.gtk.solaris.sparc"
         os="solaris"
         ws="gtk"
         arch="sparc"
         download-size="0"
         install-size="0"
         version="3.101.0.v4312"
         fragment="true"
         unpack="false"/>

   <plugin
         id="org.eclipse.swt.gtk.solaris.x86"
         os="solaris"
         ws="gtk"
         arch="x86"
         download-size="0"
         install-size="0"
         version="3.101.0.v4312"
         fragment="true"
         unpack="false"/>

   <plugin
         id="org.eclipse.swt.gtk.linux.ppc64"
         os="linux"
         ws="gtk"
         arch="ppc64"
         download-size="0"
         install-size="0"
         version="3.101.0.v4312"
         fragment="true"
         unpack="false"/>

   <plugin
         id="org.eclipse.swt.gtk.linux.x86_64"
         os="linux"
         ws="gtk"
         arch="x86_64"
         download-size="0"
         install-size="0"
         version="3.101.0.v4312"
         fragment="true"
         unpack="false"/>

   <plugin
         id="org.eclipse.swt.cocoa.macosx"
         os="macosx"
         ws="cocoa"
         arch="ppc"
         download-size="0"
         install-size="0"
         version="3.101.0.v4312"
         fragment="true"
         unpack="false"/>

   <plugin
         id="org.eclipse.swt.cocoa.macosx"
         os="macosx"
         ws="cocoa"
         arch="x86"
         download-size="0"
         install-size="0"
         version="3.101.0.v4312"
         fragment="true"
         unpack="false"/>

   <plugin
         id="org.eclipse.swt.cocoa.macosx.x86_64"
         os="macosx"
         ws="cocoa"
         arch="x86_64"
         download-size="0"
         install-size="0"
         version="3.101.0.v4312"
         fragment="true"
         unpack="false"/>

   <plugin
         id="org.eclipse.swt.gtk.aix.ppc"
         os="aix"
         ws="gtk"
         arch="ppc"
         download-size="0"
         install-size="0"
         version="3.101.0.v4312"
         fragment="true"
         unpack="false"/>

   <plugin
         id="org.eclipse.swt.gtk.aix.ppc64"
         os="aix"
         ws="gtk"
         arch="ppc64"
         download-size="0"
         install-size="0"
         version="3.101.0.v4312"
         fragment="true"
         unpack="false"/>

   <plugin
         id="org.eclipse.swt.gtk.hpux.ia64"
         os="hpux"
         ws="gtk"
         arch="ia64"
         download-size="0"
         install-size="0"
         version="3.101.0.v4312"
         fragment="true"
         unpack="false"/>

   <plugin
         id="org.eclipse.equinox.util"
         download-size="0"
         install-size="0"
         version="1.0.400.v20120917-191249"
         unpack="false"/>

   <plugin
         id="org.eclipse.jface"
         download-size="0"
         install-size="0"
         version="3.8.200.v20121026-224752"
         unpack="false"/>

   <plugin
         id="org.eclipse.jface.databinding"
         download-size="0"
         install-size="0"
         version="1.6.100.v20120824-084531"
         unpack="false"/>

   <plugin
         id="org.eclipse.e4.ui.workbench3"
         download-size="0"
         install-size="0"
         version="0.12.0.v20120521-2329"
         unpack="false"/>

   <plugin
         id="org.apache.felix.gogo.command"
         download-size="0"
         install-size="0"
         version="0.8.0.v201108120515"
         unpack="false"/>

   <plugin
         id="org.apache.felix.gogo.runtime"
         download-size="0"
         install-size="0"
         version="0.8.0.v201108120515"
         unpack="false"/>

   <plugin
         id="org.apache.felix.gogo.shell"
         download-size="0"
         install-size="0"
         version="0.8.0.v201110170705"
         unpack="false"/>

   <plugin
         id="org.eclipse.equinox.console"
         download-size="0"
         install-size="0"
         version="1.0.100.v20121001-124408"
         unpack="false"/>

   <plugin
         id="org.eclipse.e4.ui.workbench.addons.swt"
         download-size="0"
         install-size="0"
         version="0.10.1.v20121022-195458"
         unpack="false"/>

   <plugin
         id="org.eclipse.equinox.bidi"
         download-size="0"
         install-size="0"
         version="0.10.0.v20121024-182936"
         unpack="false"/>

</feature>
